{"valid/logits": {"_type": "histogram", "values": [287, 149, 370, 1525, 2576, 3307, 2290, 4488, 2267, 2285, 1331, 141, 75, 734, 2126, 8131, 5410, 5224, 5114, 3859, 1279, 483, 198, 507, 1993, 1339, 350, 1628, 1131, 691, 1748, 4205, 3597, 3618, 4781, 5655, 4598, 1996, 1726, 2333, 4053, 828, 265, 130, 168, 1161, 1851, 883, 189, 525, 2013, 4079, 4754, 2502, 2379, 2014, 1296, 1038, 869, 115, 123, 42, 19, 195], "bins": [-0.12017822265625, -0.10430908203125, -0.0885009765625, -0.0726318359375, -0.05682373046875, -0.040985107421875, -0.025146484375, -0.00930023193359375, 0.00653839111328125, 0.0223846435546875, 0.0382080078125, 0.054046630859375, 0.06988525390625, 0.08575439453125, 0.1015625, 0.117431640625, 0.13330078125, 0.1490478515625, 0.1649169921875, 0.1807861328125, 0.1966552734375, 0.21240234375, 0.228271484375, 0.244140625, 0.260009765625, 0.27587890625, 0.291748046875, 0.307373046875, 0.3232421875, 0.339111328125, 0.35498046875, 0.370849609375, 0.38671875, 0.402587890625, 0.41845703125, 0.434326171875, 0.449951171875, 0.4658203125, 0.481689453125, 0.49755859375, 0.51318359375, 0.529296875, 0.544921875, 0.56103515625, 0.57666015625, 0.5927734375, 0.6083984375, 0.62451171875, 0.64013671875, 0.65576171875, 0.671875, 0.6875, 0.70361328125, 0.71923828125, 0.7353515625, 0.7509765625, 0.7666015625, 0.78271484375, 0.79833984375, 0.814453125, 0.830078125, 0.84619140625, 0.86181640625, 0.8779296875, 0.8935546875]}, "epoch": 8, "_runtime": 6391, "_timestamp": 1644677459, "_step": 83, "examples": {"_type": "table-file", "path": "media/table/examples_75_7ad25bb3e538ce9832af.table.json", "sha256": "7ad25bb3e538ce9832af2525c490efbfe434b000ed6a6da597e84faf2d488408", "size": 42129, "artifact_path": "wandb-client-artifact://1pjq6jdjluu7jfnoe36jnaww1zn8ej6paud11ptrggl7ug2k5zd1ewygp132pdf4qm7cu0z76tcbkj3fhvea3ood0dfa0pqnjhi78uu9tubntczqyfwpf0f4eqs2c6fn:latest/examples.table.json", "_latest_artifact_path": "wandb-client-artifact://1pjq6jdjluu7jfnoe36jnaww1zn8ej6paud11ptrggl7ug2k5zd1ewygp132pdf4qm7cu0z76tcbkj3fhvea3ood0dfa0pqnjhi78uu9tubntczqyfwpf0f4eqs2c6fn:latest/examples.table.json", "ncols": 11, "nrows": 200}, "train_loss_step": 0.0003185968962498009, "trainer/global_step": 2499, "val_loss": 0.0028839323204010725, "train_loss_epoch": 0.00727821933105588}