{"val_loss_step": 0.052086781710386276, "trainer/global_step": 179, "_runtime": 1248, "_timestamp": 1644520005, "_step": 80112, "val_loss_epoch": 0.025007355958223343, "epoch": 9, "train_loss_epoch": 0.27179473638534546, "train_loss_step": 0.29394814372062683, "_wandb": {"runtime": 1245}}