{"val_loss_step": 0.052100714296102524, "trainer/global_step": 17, "_runtime": 128, "_timestamp": 1644518885, "_step": 8010, "val_loss_epoch": 0.02501298114657402, "epoch": 0, "train_loss_epoch": 0.27196618914604187}